storm_id,storm_name,basin,timestamp,status,latitude,longitude,wind_speed,pressure,intensity_category,prev_lat,prev_lon,prev_wind_speed,prev_pressure,time_diff_hours,movement_distance_km,movement_direction_deg,velocity_kmh,wind_change,pressure_change,rolling_avg_wind_3
AL052015,ERIKA,Atlantic,2015-08-24 18:00:00,TS,14.3,-45.1,40.0,1003.0,Tropical Storm,,,,,,,,,,,40.0
AL052015,ERIKA,Atlantic,2015-08-25 00:00:00,TS,14.4,-46.9,40.0,1003.0,Tropical Storm,14.3,-45.1,40.0,1003.0,6.0,194.22416585371835,273.1798301198642,32.370694308953055,0.0,0.0,40.0
AL052015,ERIKA,Atlantic,2015-08-25 06:00:00,TS,14.7,-48.6,40.0,1003.0,Tropical Storm,14.4,-46.9,40.0,1003.0,6.0,185.98430617493625,280.00797980144125,30.997384362489374,0.0,0.0,40.0
AL052015,ERIKA,Atlantic,2015-08-25 12:00:00,TS,15.0,-50.2,40.0,1003.0,Tropical Storm,14.7,-48.6,40.0,1003.0,6.0,175.17459410040345,280.61965527615513,29.195765683400577,0.0,0.0,40.0
AL052015,ERIKA,Atlantic,2015-08-25 18:00:00,TS,15.3,-51.9,35.0,1004.0,Tropical Storm,15.0,-50.2,40.0,1003.0,6.0,185.48518912811494,280.00797980144137,30.914198188019157,-5.0,1.0,38.333333333333336
AL052015,ERIKA,Atlantic,2015-08-26 00:00:00,TS,15.7,-53.6,35.0,1006.0,Tropical Storm,15.3,-51.9,35.0,1004.0,6.0,187.5070679057805,283.2405199151871,31.25117798429675,0.0,2.0,36.666666666666664
AL052015,ERIKA,Atlantic,2015-08-26 06:00:00,TS,15.9,-55.2,35.0,1005.0,Tropical Storm,15.7,-53.6,35.0,1006.0,6.0,172.62796849438132,277.1250163489018,28.771328082396888,0.0,-1.0,35.0
AL052015,ERIKA,Atlantic,2015-08-26 12:00:00,TS,16.2,-56.8,40.0,1005.0,Tropical Storm,15.9,-55.2,35.0,1005.0,6.0,174.20017279692604,280.61965527615513,29.033362132821008,5.0,0.0,36.666666666666664
AL052015,ERIKA,Atlantic,2015-08-26 18:00:00,TS,16.4,-58.2,40.0,1005.0,Tropical Storm,16.2,-56.8,40.0,1005.0,6.0,151.06124293027656,278.1301023541559,25.17687382171276,0.0,0.0,38.333333333333336
AL052015,ERIKA,Atlantic,2015-08-27 00:00:00,TS,16.6,-59.5,40.0,1006.0,Tropical Storm,16.4,-58.2,40.0,1005.0,6.0,140.37315804136225,278.74616226255534,23.39552634022704,0.0,1.0,40.0
AL052015,ERIKA,Atlantic,2015-08-27 06:00:00,TS,16.5,-60.8,45.0,1001.0,Tropical Storm,16.6,-59.5,40.0,1006.0,6.0,139.009954576402,265.6012946450044,23.16832576273367,5.0,-5.0,41.666666666666664
AL052015,ERIKA,Atlantic,2015-08-27 12:00:00,TS,16.5,-62.2,45.0,1004.0,Tropical Storm,16.5,-60.8,45.0,1001.0,6.0,149.26194657632442,270.0,24.87699109605407,0.0,3.0,43.333333333333336
AL052015,ERIKA,Atlantic,2015-08-27 18:00:00,TS,16.6,-63.6,45.0,1006.0,Tropical Storm,16.5,-62.2,45.0,1004.0,6.0,149.63699601010242,274.08561677997494,24.93949933501707,0.0,2.0,45.0
AL052015,ERIKA,Atlantic,2015-08-28 00:00:00,TS,17.2,-65.1,45.0,1006.0,Tropical Storm,16.6,-63.6,45.0,1006.0,6.0,172.9724042424733,291.8014094863519,28.828734040412215,0.0,0.0,45.0
AL052015,ERIKA,Atlantic,2015-08-28 06:00:00,TS,17.5,-66.8,45.0,1006.0,Tropical Storm,17.2,-65.1,45.0,1006.0,6.0,183.48757238992036,280.00797980144137,30.581262064986728,0.0,0.0,45.0
AL052015,ERIKA,Atlantic,2015-08-28 12:00:00,TS,17.6,-68.6,45.0,1008.0,Tropical Storm,17.5,-66.8,45.0,1006.0,6.0,191.1576152788524,273.1798301198643,31.8596025464754,0.0,2.0,45.0
AL072008,GUSTAV,Atlantic,2008-08-25 00:00:00,TD,13.5,-67.4,25.0,1008.0,Tropical Depression,,,,,,,,,,,25.0
AL072008,GUSTAV,Atlantic,2008-08-25 06:00:00,TD,14.4,-68.5,30.0,1005.0,Tropical Depression,13.5,-67.4,25.0,1008.0,6.0,155.26126542994874,309.2894068625005,25.876877571658124,5.0,-3.0,27.5
AL072008,GUSTAV,Atlantic,2008-08-25 12:00:00,TS,15.1,-69.6,35.0,1002.0,Tropical Storm,14.4,-68.5,30.0,1005.0,6.0,141.59554889791085,302.4711922908486,23.599258149651806,5.0,-3.0,30.0
AL072008,GUSTAV,Atlantic,2008-08-25 18:00:00,TS,15.8,-70.5,50.0,996.0,Tropical Storm,15.1,-69.6,35.0,1002.0,6.0,123.94637083701726,307.8749836510981,20.657728472836208,15.0,-6.0,38.333333333333336
AL072008,GUSTAV,Atlantic,2008-08-26 00:00:00,TS,16.4,-71.2,60.0,991.0,Tropical Storm,15.8,-70.5,50.0,996.0,6.0,100.21813903649831,310.60129464500426,16.70302317274972,10.0,-5.0,48.333333333333336
AL072008,GUSTAV,Atlantic,2008-08-26 06:00:00,HU,16.9,-71.7,75.0,986.0,Category 1,16.4,-71.2,60.0,991.0,6.0,76.99587923598864,315.0,12.83264653933144,15.0,-5.0,61.666666666666664
AL072008,GUSTAV,Atlantic,2008-08-26 12:00:00,HU,17.5,-72.1,80.0,981.0,Category 1,16.9,-71.7,75.0,986.0,6.0,79.09761128276502,326.30993247402085,13.182935213794169,5.0,-5.0,71.66666666666667
AL072008,GUSTAV,Atlantic,2008-08-26 18:00:00,HU,18.1,-72.8,70.0,992.0,Category 1,17.5,-72.1,80.0,981.0,6.0,99.71673453511863,310.60129464500443,16.619455755853107,-10.0,11.0,75.0
AL072008,GUSTAV,Atlantic,2008-08-27 00:00:00,TS,18.4,-73.1,50.0,995.0,Tropical Storm,18.1,-72.8,70.0,992.0,6.0,46.00478204521027,315.0,7.667463674201712,-20.0,3.0,66.66666666666667
AL072008,GUSTAV,Atlantic,2008-08-27 06:00:00,TS,18.6,-73.4,45.0,999.0,Tropical Storm,18.4,-73.1,50.0,995.0,6.0,38.66937981651815,303.69006752597915,6.444896636086359,-5.0,4.0,55.0
AL072008,GUSTAV,Atlantic,2008-08-27 12:00:00,TS,18.7,-73.7,45.0,998.0,Tropical Storm,18.6,-73.4,45.0,999.0,6.0,33.505719868075886,288.4349488229218,5.584286644679314,0.0,-1.0,46.666666666666664
AL072008,GUSTAV,Atlantic,2008-08-27 18:00:00,TS,18.9,-74.0,45.0,999.0,Tropical Storm,18.7,-73.7,45.0,998.0,6.0,38.62369893580012,303.69006752597994,6.4372831559666865,0.0,1.0,45.0
AL072008,GUSTAV,Atlantic,2008-08-28 00:00:00,TS,18.8,-75.1,40.0,999.0,Tropical Storm,18.9,-74.0,45.0,999.0,6.0,116.28705627638884,264.80557109226527,19.381176046064805,-5.0,0.0,43.333333333333336
AL072008,GUSTAV,Atlantic,2008-08-28 06:00:00,TS,18.1,-75.4,45.0,995.0,Tropical Storm,18.8,-75.1,40.0,999.0,6.0,84.02279268021735,203.198590513649,14.003798780036226,5.0,-4.0,43.333333333333336
AL072008,GUSTAV,Atlantic,2008-08-28 12:00:00,TS,17.9,-75.7,60.0,984.0,Tropical Storm,18.1,-75.4,45.0,995.0,6.0,38.743995065086764,236.3099324740196,6.457332510847794,15.0,-11.0,48.333333333333336
AL072008,GUSTAV,Atlantic,2008-08-28 18:00:00,TS,18.0,-76.2,60.0,984.0,Tropical Storm,17.9,-75.7,60.0,984.0,6.0,54.04748263180991,281.30993247402034,9.007913771968319,0.0,0.0,55.0
AL072008,GUSTAV,Atlantic,2008-08-29 00:00:00,TS,17.8,-77.0,60.0,987.0,Tropical Storm,18.0,-76.2,60.0,984.0,6.0,87.52239910837703,255.96375653207352,14.587066518062839,0.0,3.0,60.0
AL072008,GUSTAV,Atlantic,2008-08-29 02:00:00,TS,17.9,-77.2,60.0,987.0,Tropical Storm,17.8,-77.0,60.0,987.0,2.0,23.911215709375924,296.5650511770772,11.955607854687962,0.0,0.0,60.0
AL072008,GUSTAV,Atlantic,2008-08-29 06:00:00,TS,18.0,-77.7,55.0,990.0,Tropical Storm,17.9,-77.2,60.0,987.0,4.0,54.0474826318086,281.30993247402034,13.51187065795215,-5.0,3.0,58.333333333333336
AL072008,GUSTAV,Atlantic,2008-08-29 12:00:00,TS,18.3,-78.4,50.0,989.0,Tropical Storm,18.0,-77.7,55.0,990.0,6.0,81.13805934794834,293.1985905136481,13.523009891324724,-5.0,-1.0,55.0
AL072008,GUSTAV,Atlantic,2008-08-29 18:00:00,HU,18.8,-79.2,65.0,984.0,Category 1,18.3,-78.4,50.0,989.0,6.0,101.01133608129132,302.0053832080836,16.83522268021522,15.0,-5.0,56.666666666666664
AL072008,GUSTAV,Atlantic,2008-08-30 00:00:00,HU,19.2,-80.0,75.0,975.0,Category 1,18.8,-79.2,65.0,984.0,6.0,95.1453933430043,296.565051177078,15.857565557167383,10.0,-9.0,63.333333333333336
AL072008,GUSTAV,Atlantic,2008-08-30 06:00:00,HU,19.7,-80.8,85.0,968.0,Category 2,19.2,-80.0,75.0,975.0,6.0,100.6318276016697,302.0053832080836,16.77197126694495,10.0,-7.0,75.0
AL072008,GUSTAV,Atlantic,2008-08-30 12:00:00,HU,20.7,-81.6,110.0,955.0,Category 3 (Major),19.7,-80.8,85.0,968.0,6.0,139.04573429143898,321.34019174591003,23.17428904857316,25.0,-13.0,90.0
AL072008,GUSTAV,Atlantic,2008-08-30 18:00:00,HU,21.6,-82.5,125.0,943.0,Category 4 (Major),20.7,-81.6,110.0,955.0,6.0,136.8433146837606,314.9999999999999,22.8072191139601,15.0,-12.0,106.66666666666667
AL072008,GUSTAV,Atlantic,2008-08-30 22:00:00,HU,22.4,-83.1,135.0,941.0,Category 4 (Major),21.6,-82.5,125.0,943.0,4.0,108.34935882642088,323.1301023541561,27.08733970660522,10.0,-2.0,123.33333333333333
AL072008,GUSTAV,Atlantic,2008-08-31 00:00:00,HU,22.7,-83.5,120.0,950.0,Category 4 (Major),22.4,-83.1,135.0,941.0,2.0,52.91630584508779,306.8698976458437,26.458152922543896,-15.0,9.0,126.66666666666667
AL072008,GUSTAV,Atlantic,2008-08-31 06:00:00,HU,23.6,-84.4,105.0,960.0,Category 3 (Major),22.7,-83.5,120.0,950.0,6.0,135.9484014453801,314.9999999999999,22.658066907563352,-15.0,10.0,120.0
AL072008,GUSTAV,Atlantic,2008-08-31 12:00:00,HU,24.8,-85.5,100.0,961.0,Category 3 (Major),23.6,-84.4,105.0,960.0,6.0,173.92717400405064,317.4895529219993,28.98786233400844,-5.0,1.0,108.33333333333333
AL072008,GUSTAV,Atlantic,2008-08-31 18:00:00,HU,25.9,-86.7,95.0,960.0,Category 2,24.8,-85.5,100.0,961.0,6.0,171.75804528911743,312.5104470780007,28.62634088151957,-5.0,-1.0,100.0
AL072008,GUSTAV,Atlantic,2008-09-01 00:00:00,HU,26.9,-87.7,95.0,953.0,Category 2,25.9,-86.7,95.0,960.0,6.0,149.27727812368627,315.0,24.879546353947713,0.0,-7.0,96.66666666666667
AL072008,GUSTAV,Atlantic,2008-09-01 06:00:00,HU,27.9,-89.0,95.0,954.0,Category 2,26.9,-87.7,95.0,953.0,6.0,169.8049613612015,307.56859202882754,28.300826893533582,0.0,1.0,95.0
AL072008,GUSTAV,Atlantic,2008-09-01 12:00:00,HU,28.8,-90.3,95.0,955.0,Category 2,27.9,-89.0,95.0,954.0,6.0,161.85876657883077,304.6951535312341,26.976461096471795,0.0,1.0,95.0
AL072008,GUSTAV,Atlantic,2008-09-01 15:00:00,HU,29.2,-90.7,90.0,954.0,Category 2,28.8,-90.3,95.0,955.0,3.0,59.08966501190891,314.9999999999995,19.69655500396964,-5.0,-1.0,93.33333333333333
AL072008,GUSTAV,Atlantic,2008-09-01 18:00:00,HU,29.8,-91.4,85.0,958.0,Category 2,29.2,-90.7,90.0,954.0,3.0,95.081517105459,310.60129464500443,31.693839035153,-5.0,4.0,90.0
AL072008,GUSTAV,Atlantic,2008-09-02 00:00:00,TS,30.7,-92.3,60.0,971.0,Tropical Storm,29.8,-91.4,85.0,958.0,6.0,132.2426671800805,315.0000000000002,22.040444530013417,-25.0,13.0,78.33333333333333
AL072008,GUSTAV,Atlantic,2008-09-02 06:00:00,TS,31.4,-93.1,40.0,981.0,Tropical Storm,30.7,-92.3,60.0,971.0,6.0,108.93263151776551,311.1859251657097,18.155438586294252,-20.0,10.0,61.666666666666664
AL072008,GUSTAV,Atlantic,2008-09-02 12:00:00,TD,32.1,-93.5,30.0,989.0,Tropical Depression,31.4,-93.1,40.0,981.0,6.0,86.53884757507781,330.2551187030575,14.423141262512969,-10.0,8.0,43.333333333333336
AL072008,GUSTAV,Atlantic,2008-09-02 18:00:00,TD,32.7,-93.9,20.0,993.0,Tropical Depression,32.1,-93.5,30.0,989.0,6.0,76.55994043233869,326.3099324740199,12.759990072056448,-10.0,4.0,30.0
AL072008,GUSTAV,Atlantic,2008-09-03 00:00:00,TD,33.2,-93.9,20.0,995.0,Tropical Depression,32.7,-93.9,20.0,993.0,6.0,55.597463322279445,0.0,9.266243887046574,0.0,2.0,23.333333333333332
AL072008,GUSTAV,Atlantic,2008-09-03 06:00:00,TD,33.7,-94.3,20.0,997.0,Tropical Depression,33.2,-93.9,20.0,995.0,6.0,66.8451887125593,321.3401917459105,11.140864785426551,0.0,2.0,20.0
AL072008,GUSTAV,Atlantic,2008-09-03 12:00:00,TD,33.8,-94.4,20.0,997.0,Tropical Depression,33.7,-94.3,20.0,997.0,6.0,14.46107549374341,314.9999999999959,2.410179248957235,0.0,0.0,20.0
AL072008,GUSTAV,Atlantic,2008-09-03 18:00:00,TD,34.0,-94.4,20.0,998.0,Tropical Depression,33.8,-94.4,20.0,997.0,6.0,22.238985328912484,0.0,3.7064975548187475,0.0,1.0,20.0
AL072008,GUSTAV,Atlantic,2008-09-04 00:00:00,TD,34.3,-94.1,15.0,998.0,Tropical Depression,34.0,-94.4,20.0,998.0,6.0,43.30014174346312,45.000000000001364,7.216690290577187,-5.0,0.0,18.333333333333332
AL072008,GUSTAV,Atlantic,2008-09-04 06:00:00,TD,34.8,-93.4,15.0,999.0,Tropical Depression,34.3,-94.1,15.0,998.0,6.0,84.85814946208328,54.46232220802518,14.143024910347213,0.0,1.0,16.666666666666668
AL072008,GUSTAV,Atlantic,2008-09-04 12:00:00,EX,36.2,-92.3,15.0,1000.0,Tropical Depression,34.8,-93.4,15.0,999.0,6.0,184.79310922702373,38.15722658736916,30.79885153783729,0.0,1.0,15.0
AL072008,GUSTAV,Atlantic,2008-09-04 18:00:00,EX,38.5,-90.7,20.0,1000.0,Tropical Depression,36.2,-92.3,15.0,1000.0,6.0,292.23587805711514,34.82448915695674,48.705979676185855,5.0,0.0,16.666666666666668
AL072008,GUSTAV,Atlantic,2008-09-05 00:00:00,EX,40.2,-88.7,20.0,1002.0,Tropical Depression,38.5,-90.7,20.0,1000.0,6.0,255.5370997672917,49.6354634269026,42.58951662788195,0.0,2.0,18.333333333333332
AL072008,GUSTAV,Atlantic,2008-09-05 06:00:00,EX,42.2,-86.5,20.0,1002.0,Tropical Depression,40.2,-88.7,20.0,1002.0,6.0,288.6573268915045,47.72631099390631,48.10955448191742,0.0,0.0,20.0
AL072008,GUSTAV,Atlantic,2008-09-05 12:00:00,EX,43.7,-83.8,20.0,1004.0,Tropical Depression,42.2,-86.5,20.0,1002.0,6.0,275.85463687258533,60.94539590092288,45.97577281209755,0.0,2.0,20.0
AL142013,MELISSA,Atlantic,2013-11-17 00:00:00,EX,23.9,-52.4,35.0,1006.0,Tropical Storm,,,,,,,,,,,35.0
AL142013,MELISSA,Atlantic,2013-11-17 06:00:00,EX,24.3,-52.7,35.0,1005.0,Tropical Storm,23.9,-52.4,35.0,1006.0,6.0,53.90298884166028,323.1301023541557,8.983831473610048,0.0,-1.0,35.0
AL142013,MELISSA,Atlantic,2013-11-17 12:00:00,EX,25.0,-52.9,35.0,1005.0,Tropical Storm,24.3,-52.7,35.0,1005.0,6.0,80.41794306810914,344.05460409907744,13.402990511351524,0.0,0.0,35.0
AL142013,MELISSA,Atlantic,2013-11-17 18:00:00,EX,26.0,-52.9,40.0,1002.0,Tropical Storm,25.0,-52.9,35.0,1005.0,6.0,111.19492664455889,0.0,18.53248777409315,5.0,-3.0,36.666666666666664
AL142013,MELISSA,Atlantic,2013-11-18 00:00:00,EX,27.1,-52.7,45.0,997.0,Tropical Storm,26.0,-52.9,40.0,1002.0,6.0,123.92157891112565,10.304846468765804,20.65359648518761,5.0,-5.0,40.0
AL142013,MELISSA,Atlantic,2013-11-18 06:00:00,EX,28.3,-52.7,45.0,992.0,Tropical Storm,27.1,-52.7,45.0,997.0,6.0,133.43391197347032,0.0,22.23898532891172,0.0,-5.0,43.333333333333336
AL142013,MELISSA,Atlantic,2013-11-18 12:00:00,SS,29.1,-53.4,50.0,987.0,Tropical Storm,28.3,-52.7,45.0,992.0,6.0,112.1353356335846,318.8140748342905,18.689222605597433,5.0,-5.0,46.666666666666664
AL142013,MELISSA,Atlantic,2013-11-18 18:00:00,SS,29.7,-54.0,50.0,987.0,Tropical Storm,29.1,-53.4,50.0,987.0,6.0,88.48485258309381,314.99999999999983,14.747475430515635,0.0,0.0,48.333333333333336
AL142013,MELISSA,Atlantic,2013-11-19 00:00:00,SS,30.2,-54.5,50.0,985.0,Tropical Storm,29.7,-54.0,50.0,987.0,6.0,73.56417749705005,315.0,12.260696249508342,0.0,-2.0,50.0
AL142013,MELISSA,Atlantic,2013-11-19 06:00:00,SS,30.8,-54.7,55.0,982.0,Tropical Storm,30.2,-54.5,50.0,985.0,6.0,69.41410700606707,341.5650511770778,11.569017834344512,5.0,-3.0,51.666666666666664
AL142013,MELISSA,Atlantic,2013-11-19 12:00:00,SS,31.6,-54.7,55.0,982.0,Tropical Storm,30.8,-54.7,55.0,982.0,6.0,88.95594131564711,0.0,14.825990219274518,0.0,0.0,53.333333333333336
AL142013,MELISSA,Atlantic,2013-11-19 18:00:00,SS,32.5,-54.4,50.0,982.0,Tropical Storm,31.6,-54.7,55.0,982.0,6.0,103.99271194349834,18.43494882292228,17.332118657249723,-5.0,0.0,53.333333333333336
AL142013,MELISSA,Atlantic,2013-11-20 00:00:00,SS,33.3,-53.2,45.0,985.0,Tropical Storm,32.5,-54.4,50.0,982.0,6.0,143.05288619119705,56.309932474020215,23.84214769853284,-5.0,3.0,50.0
AL142013,MELISSA,Atlantic,2013-11-20 06:00:00,TS,34.1,-51.4,45.0,988.0,Tropical Storm,33.3,-53.2,45.0,985.0,6.0,188.783201552196,66.03751102542176,31.463866925366002,0.0,3.0,46.666666666666664
AL142013,MELISSA,Atlantic,2013-11-20 12:00:00,TS,35.1,-49.0,45.0,988.0,Tropical Storm,34.1,-51.4,45.0,988.0,6.0,246.19780961502536,67.38013505195956,41.032968269170894,0.0,0.0,45.0
AL142013,MELISSA,Atlantic,2013-11-20 18:00:00,TS,36.3,-46.4,45.0,988.0,Tropical Storm,35.1,-49.0,45.0,988.0,6.0,270.03216940570104,65.22485943116817,45.00536156761684,0.0,0.0,45.0
AL142013,MELISSA,Atlantic,2013-11-21 00:00:00,TS,37.5,-43.5,45.0,984.0,Tropical Storm,36.3,-46.4,45.0,988.0,6.0,290.32768638806647,67.52056560289682,48.38794773134441,0.0,-4.0,45.0
AL142013,MELISSA,Atlantic,2013-11-21 06:00:00,TS,38.8,-40.0,50.0,984.0,Tropical Storm,37.5,-43.5,45.0,984.0,6.0,338.4384861728222,69.62356478616366,56.406414362137035,5.0,0.0,46.666666666666664
AL142013,MELISSA,Atlantic,2013-11-21 12:00:00,TS,39.9,-36.6,55.0,980.0,Tropical Storm,38.8,-40.0,50.0,984.0,6.0,316.87847232017754,72.07208023799274,52.81307872002959,5.0,-4.0,50.0
AL142013,MELISSA,Atlantic,2013-11-21 18:00:00,TS,40.7,-33.3,55.0,980.0,Tropical Storm,39.9,-36.6,55.0,980.0,6.0,293.6315118050439,76.37300514010842,48.93858530084065,0.0,0.0,53.333333333333336
AL142013,MELISSA,Atlantic,2013-11-22 00:00:00,LO,41.3,-30.2,50.0,984.0,Tropical Storm,40.7,-33.3,55.0,980.0,6.0,268.5533249253067,79.04593735660177,44.758887487551114,-5.0,4.0,53.333333333333336
AL142013,MELISSA,Atlantic,2013-11-22 06:00:00,LO,41.6,-27.5,45.0,988.0,Tropical Storm,41.3,-30.2,50.0,984.0,6.0,227.47894878420698,83.65980825409,37.91315813070116,-5.0,4.0,50.0
AL142013,MELISSA,Atlantic,2013-11-22 12:00:00,EX,41.6,-24.7,40.0,992.0,Tropical Storm,41.6,-27.5,45.0,988.0,6.0,232.81357709059236,90.0,38.80226284843206,-5.0,4.0,45.0
AL142013,MELISSA,Atlantic,2013-11-22 18:00:00,EX,41.3,-22.0,40.0,996.0,Tropical Storm,41.6,-24.7,40.0,992.0,6.0,227.4789487842072,96.34019174591,37.9131581307012,0.0,4.0,41.666666666666664
AL142013,MELISSA,Atlantic,2013-11-23 00:00:00,EX,40.8,-19.5,35.0,1000.0,Tropical Storm,41.3,-22.0,40.0,996.0,6.0,216.87848832286707,101.30993247402021,36.14641472047784,-5.0,4.0,38.333333333333336
AL142013,MELISSA,Atlantic,2013-11-23 06:00:00,EX,40.0,-17.1,35.0,1004.0,Tropical Storm,40.8,-19.5,35.0,1000.0,6.0,221.83542360041199,108.43494882292195,36.972570600068664,0.0,4.0,36.666666666666664
AL152012,OSCAR,Atlantic,2012-10-02 12:00:00,LO,12.4,-38.0,25.0,1008.0,Tropical Depression,,,,,,,,,,,25.0
AL152012,OSCAR,Atlantic,2012-10-02 18:00:00,LO,13.6,-38.7,25.0,1008.0,Tropical Depression,12.4,-38.0,25.0,1008.0,6.0,153.48060243070492,329.74356283647063,25.580100405117488,0.0,0.0,25.0
AL152012,OSCAR,Atlantic,2012-10-03 00:00:00,LO,15.0,-39.6,30.0,1007.0,Tropical Depression,13.6,-38.7,25.0,1008.0,6.0,183.4054705993556,327.2647737278925,30.567578433225933,5.0,-1.0,26.666666666666668
AL152012,OSCAR,Atlantic,2012-10-03 06:00:00,TD,16.3,-40.5,30.0,1006.0,Tropical Depression,15.0,-39.6,30.0,1007.0,6.0,173.72814697946873,325.3048464687661,28.95469116324479,0.0,-1.0,28.333333333333332
AL152012,OSCAR,Atlantic,2012-10-03 12:00:00,TD,17.4,-41.2,30.0,1006.0,Tropical Depression,16.3,-40.5,30.0,1006.0,6.0,143.21331187409544,327.52880770915135,23.86888531234924,0.0,0.0,30.0
AL152012,OSCAR,Atlantic,2012-10-03 18:00:00,TS,18.2,-41.8,35.0,1005.0,Tropical Storm,17.4,-41.2,30.0,1006.0,6.0,109.3081147661559,323.1301023541563,18.21801912769265,5.0,-1.0,31.666666666666668
AL152012,OSCAR,Atlantic,2012-10-04 00:00:00,TS,18.9,-42.1,40.0,1002.0,Tropical Storm,18.2,-41.8,35.0,1005.0,6.0,84.01583675198509,336.8014094863515,14.002639458664182,5.0,-3.0,35.0
AL152012,OSCAR,Atlantic,2012-10-04 06:00:00,TS,19.5,-42.2,40.0,1001.0,Tropical Storm,18.9,-42.1,40.0,1002.0,6.0,67.53829690109421,350.53767779197426,11.256382816849035,0.0,-1.0,38.333333333333336
AL152012,OSCAR,Atlantic,2012-10-04 12:00:00,TS,20.2,-42.0,45.0,998.0,Tropical Storm,19.5,-42.2,40.0,1001.0,6.0,80.59809718483588,15.945395900923087,13.433016197472647,5.0,-3.0,41.666666666666664
AL152012,OSCAR,Atlantic,2012-10-04 18:00:00,TS,21.0,-41.5,45.0,996.0,Tropical Storm,20.2,-42.0,45.0,998.0,6.0,103.06075993264342,32.00538320808347,17.176793322107237,0.0,-2.0,43.333333333333336
AL152012,OSCAR,Atlantic,2012-10-05 00:00:00,TS,21.8,-40.6,45.0,995.0,Tropical Storm,21.0,-41.5,45.0,996.0,6.0,128.82027077975394,48.36646066342973,21.47004512995899,0.0,-1.0,45.0
AL152012,OSCAR,Atlantic,2012-10-05 06:00:00,TS,22.7,-39.4,45.0,994.0,Tropical Storm,21.8,-40.6,45.0,995.0,6.0,158.9541397323191,53.13010235415609,26.492356622053183,0.0,-1.0,45.0
AL152012,OSCAR,Atlantic,2012-10-05 12:00:00,TS,23.5,-37.8,45.0,994.0,Tropical Storm,22.7,-39.4,45.0,994.0,6.0,186.25954116767576,63.43494882292201,31.043256861279293,0.0,0.0,45.0
EP172008,SEVENTEEN,Pacific,2008-10-23 06:00:00,TD,12.3,-104.9,25.0,1009.0,Tropical Depression,,,,,,,,,,,25.0
EP172008,SEVENTEEN,Pacific,2008-10-23 12:00:00,TD,13.0,-104.9,30.0,1008.0,Tropical Depression,12.3,-104.9,25.0,1009.0,6.0,77.83644865119105,0.0,12.972741441865175,5.0,-1.0,27.5
EP172008,SEVENTEEN,Pacific,2008-10-23 18:00:00,TD,13.8,-105.0,30.0,1008.0,Tropical Depression,13.0,-104.9,30.0,1008.0,6.0,89.61115931758174,352.8749836510986,14.935193219596956,0.0,0.0,28.333333333333332
EP172008,SEVENTEEN,Pacific,2008-10-24 00:00:00,TD,14.4,-105.4,30.0,1008.0,Tropical Depression,13.8,-105.0,30.0,1008.0,6.0,79.44818013895669,326.30993247401983,13.241363356492782,0.0,0.0,30.0
EP172008,SEVENTEEN,Pacific,2008-10-24 06:00:00,TD,14.9,-105.9,30.0,1008.0,Tropical Depression,14.4,-105.4,30.0,1008.0,6.0,77.35897252964246,315.0,12.893162088273742,0.0,0.0,30.0
EP172008,SEVENTEEN,Pacific,2008-10-24 12:00:00,TD,15.3,-106.4,30.0,1008.0,Tropical Depression,14.9,-105.9,30.0,1008.0,6.0,69.71071452944324,308.65980825409014,11.618452421573872,0.0,0.0,30.0
EP172008,SEVENTEEN,Pacific,2008-10-24 18:00:00,LO,15.7,-106.9,25.0,1008.0,Tropical Depression,15.3,-106.4,30.0,1008.0,6.0,69.63187955849477,308.65980825408997,11.60531325974913,-5.0,0.0,28.333333333333332
EP172008,SEVENTEEN,Pacific,2008-10-25 00:00:00,LO,16.1,-107.5,25.0,1009.0,Tropical Depression,15.7,-106.9,25.0,1008.0,6.0,78.07267920041245,303.69006752598017,13.012113200068741,0.0,1.0,26.666666666666668
EP172008,SEVENTEEN,Pacific,2008-10-25 06:00:00,LO,16.6,-108.2,25.0,1009.0,Tropical Depression,16.1,-107.5,25.0,1009.0,6.0,93.10980696022531,305.53767779197426,15.518301160037552,0.0,0.0,25.0
EP172008,SEVENTEEN,Pacific,2008-10-25 12:00:00,LO,16.7,-109.0,25.0,1009.0,Tropical Depression,16.6,-108.2,25.0,1009.0,6.0,85.94852713819508,277.1250163489017,14.324754523032512,0.0,0.0,25.0
EP172008,SEVENTEEN,Pacific,2008-10-25 18:00:00,LO,16.7,-109.7,25.0,1009.0,Tropical Depression,16.7,-109.0,25.0,1009.0,6.0,74.55346314854143,270.0,12.42557719142357,0.0,0.0,25.0
EP172008,SEVENTEEN,Pacific,2008-10-26 00:00:00,LO,16.6,-110.4,25.0,1009.0,Tropical Depression,16.7,-109.7,25.0,1009.0,6.0,75.39739246178618,261.8698976458442,12.566232076964363,0.0,0.0,25.0
EP172008,SEVENTEEN,Pacific,2008-10-26 06:00:00,LO,16.5,-111.0,25.0,1009.0,Tropical Depression,16.6,-110.4,25.0,1009.0,6.0,64.91241514623493,260.53767779197415,10.818735857705823,0.0,0.0,25.0
EP172008,SEVENTEEN,Pacific,2008-10-26 12:00:00,LO,16.4,-111.7,25.0,1009.0,Tropical Depression,16.5,-111.0,25.0,1009.0,6.0,75.47394229627272,261.86989764584393,12.57899038271212,0.0,0.0,25.0
EP172008,SEVENTEEN,Pacific,2008-10-26 18:00:00,LO,16.2,-112.6,20.0,1010.0,Tropical Depression,16.4,-111.7,25.0,1009.0,6.0,98.59366780726168,257.4711922908484,16.432277967876946,-5.0,1.0,23.333333333333332
EP172008,SEVENTEEN,Pacific,2008-10-27 00:00:00,LO,16.1,-113.8,20.0,1010.0,Tropical Depression,16.2,-112.6,20.0,1010.0,6.0,128.64942298527976,265.23635830927395,21.441570497546625,0.0,0.0,21.666666666666668
EP172008,SEVENTEEN,Pacific,2008-10-27 06:00:00,LO,16.0,-115.1,20.0,1010.0,Tropical Depression,16.1,-113.8,20.0,1010.0,6.0,139.362887034691,265.6012946450044,23.227147839115165,0.0,0.0,20.0
EP172008,SEVENTEEN,Pacific,2008-10-27 12:00:00,LO,16.0,-116.1,20.0,1010.0,Tropical Depression,16.0,-115.1,20.0,1010.0,6.0,106.88732068989825,270.0,17.814553448316374,0.0,0.0,20.0
EP172008,SEVENTEEN,Pacific,2008-10-27 18:00:00,LO,16.0,-117.4,20.0,1010.0,Tropical Depression,16.0,-116.1,20.0,1010.0,6.0,138.95342443317077,270.0,23.158904072195128,0.0,0.0,20.0
